,var_name,Contrast,A,B,Paired,Parametric,T,dof,Tail,p-unc,p-corr,p-adjust,BF10,cohen
1,F0semitoneFrom27.5Hz_sma3nz_amean,task,book,vac,True,True,-5.118191458527975,230.0,two-sided,6.509615239557696e-07,1.952884571867309e-06,fdr_bh,1.554e+04,-0.16139725461183801
2,F0semitoneFrom27.5Hz_sma3nz_amean,task,pic,vac,True,True,-3.2561334588172204,230.0,two-sided,0.0012997584602826755,0.0019496376904240133,fdr_bh,12.323,-0.10620596844341712
0,F0semitoneFrom27.5Hz_sma3nz_stddevNorm,task,book,pic,True,True,-5.502873706449577,230.0,two-sided,9.936159175888712e-08,2.980847752766614e-07,fdr_bh,9.396e+04,-0.2406195551511542
1,F0semitoneFrom27.5Hz_sma3nz_stddevNorm,task,book,vac,True,True,-2.7950640908604942,230.0,two-sided,0.00562712075545024,0.00844068113317536,fdr_bh,3.274,-0.18170186085251996
1,F0semitoneFrom27.5Hz_sma3nz_percentile20.0,task,book,vac,True,True,-6.682807022074971,230.0,two-sided,1.7503581241267778e-10,2.625537186190167e-10,fdr_bh,4.266e+07,-0.39508334848772175
2,F0semitoneFrom27.5Hz_sma3nz_percentile20.0,task,pic,vac,True,True,-7.114283931577712,230.0,two-sided,1.4148067838328826e-11,4.244420351498648e-11,fdr_bh,4.898e+08,-0.41725740750127926
1,F0semitoneFrom27.5Hz_sma3nz_percentile20.0,task,book,vac,True,True,-6.682807022074971,230.0,two-sided,1.7503581241267778e-10,2.625537186190167e-10,fdr_bh,4.266e+07,-0.39508334848772175
2,F0semitoneFrom27.5Hz_sma3nz_percentile20.0,task,pic,vac,True,True,-7.114283931577712,230.0,two-sided,1.4148067838328826e-11,4.244420351498648e-11,fdr_bh,4.898e+08,-0.41725740750127926
0,F0semitoneFrom27.5Hz_sma3nz_percentile80.0,task,book,pic,True,True,-4.8361429127222255,230.0,two-sided,2.4236023413801415e-06,7.2708070241404245e-06,fdr_bh,4437.304,-0.17205468658425102
1,F0semitoneFrom27.5Hz_sma3nz_percentile80.0,task,book,vac,True,True,-2.3474381458650537,230.0,two-sided,0.01975191799978334,0.01975191799978334,fdr_bh,1.084,-0.059899756909195676
2,F0semitoneFrom27.5Hz_sma3nz_percentile80.0,task,pic,vac,True,True,3.7206910018813124,230.0,two-sided,0.00024977024150592384,0.00037465536225888575,fdr_bh,56.394,0.11609947859180617
0,F0semitoneFrom27.5Hz_sma3nz_pctlrange0-2,task,book,pic,True,True,-4.133137932336317,230.0,two-sided,5.0144947438620925e-05,5.0144947438620925e-05,fdr_bh,252.788,-0.2066332867573354
1,F0semitoneFrom27.5Hz_sma3nz_pctlrange0-2,task,book,vac,True,True,5.9827029835414445,230.0,two-sided,8.335357621771428e-09,1.2503036432657143e-08,fdr_bh,1.019e+06,0.42160496495012345
2,F0semitoneFrom27.5Hz_sma3nz_pctlrange0-2,task,pic,vac,True,True,9.031080756096959,230.0,two-sided,7.044426750835096e-17,2.1133280252505288e-16,fdr_bh,7.319e+13,0.6473168233942663
1,F0semitoneFrom27.5Hz_sma3nz_meanRisingSlope,task,book,vac,True,True,-15.999657259849748,230.0,two-sided,3.12462444717766e-39,9.37387334153298e-39,fdr_bh,7.791e+35,-0.8275094334137039
2,F0semitoneFrom27.5Hz_sma3nz_meanRisingSlope,task,pic,vac,True,True,-13.111882985773352,230.0,two-sided,1.059258160445042e-29,1.588887240667563e-29,fdr_bh,2.991e+26,-0.7500260432459209
1,F0semitoneFrom27.5Hz_sma3nz_stddevRisingSlope,task,book,vac,True,True,-15.009306695463142,230.0,two-sided,5.864554828913449e-36,1.7593664486740348e-35,fdr_bh,4.516e+32,-0.7914301334309747
2,F0semitoneFrom27.5Hz_sma3nz_stddevRisingSlope,task,pic,vac,True,True,-12.677949244104571,230.0,two-sided,2.777652872762722e-28,4.166479309144083e-28,fdr_bh,1.192e+25,-0.7095050875519832
0,F0semitoneFrom27.5Hz_sma3nz_meanFallingSlope,task,book,pic,True,True,-4.946442139761825,230.0,two-sided,1.458969665205426e-06,1.458969665205426e-06,fdr_bh,7194.284,-0.2613747654652063
1,F0semitoneFrom27.5Hz_sma3nz_meanFallingSlope,task,book,vac,True,True,-13.662585701189414,230.0,two-sided,1.643359189821506e-31,4.930077569464518e-31,fdr_bh,1.825e+28,-0.6925388863036133
2,F0semitoneFrom27.5Hz_sma3nz_meanFallingSlope,task,pic,vac,True,True,-6.435802131835408,230.0,two-sided,7.062412137333246e-10,1.059361820599987e-09,fdr_bh,1.105e+07,-0.3596634119517347
0,F0semitoneFrom27.5Hz_sma3nz_stddevFallingSlope,task,book,pic,True,True,-2.6710394833906714,230.0,two-sided,0.008101871296059287,0.008101871296059287,fdr_bh,2.367,-0.16450399800153687
1,F0semitoneFrom27.5Hz_sma3nz_stddevFallingSlope,task,book,vac,True,True,-14.653912934543294,230.0,two-sided,8.78065931375639e-35,2.634197794126917e-34,fdr_bh,3.113e+31,-0.8902920967020724
2,F0semitoneFrom27.5Hz_sma3nz_stddevFallingSlope,task,pic,vac,True,True,-9.00597046639134,230.0,two-sided,8.343867110853282e-17,1.2515800666279924e-16,fdr_bh,6.201e+13,-0.6275013857328771
0,loudness_sma3_amean,task,book,pic,True,True,3.6993602025751913,230.0,two-sided,0.0002704283376085829,0.0002704283376085829,fdr_bh,52.382,0.21333553821169068
1,loudness_sma3_amean,task,book,vac,True,True,-18.735522188553123,230.0,two-sided,3.5120464299262846e-48,5.268069644889427e-48,fdr_bh,5.642e+44,-1.6620290507891837
2,loudness_sma3_amean,task,pic,vac,True,True,-19.973287207134522,230.0,two-sided,3.781327295393196e-52,1.1343981886179589e-51,fdr_bh,4.826e+48,-1.723494288415668
1,loudness_sma3_stddevNorm,task,book,vac,True,True,-26.47406893079272,230.0,two-sided,9.07277288465688e-72,2.721831865397064e-71,fdr_bh,1.417e+68,-1.8184178624183176
2,loudness_sma3_stddevNorm,task,pic,vac,True,True,-24.940336120933033,230.0,two-sided,2.4276787785063023e-67,3.641518167759454e-67,fdr_bh,5.693e+63,-1.7545975513054726
0,loudness_sma3_percentile20.0,task,book,pic,True,True,5.692958400949962,230.0,two-sided,3.7875055420631997e-08,3.7875055420631997e-08,fdr_bh,2.373e+05,0.2567813581015992
1,loudness_sma3_percentile20.0,task,book,vac,True,True,-12.005220995914723,230.0,two-sided,4.23191931167682e-26,6.347878967515231e-26,fdr_bh,8.412e+22,-0.8850239263259407
2,loudness_sma3_percentile20.0,task,pic,vac,True,True,-13.41563280425457,230.0,two-sided,1.0668524770102087e-30,3.2005574310306265e-30,fdr_bh,2.88e+27,-0.9821792980956656
0,loudness_sma3_percentile50.0,task,book,pic,True,True,4.25677256030021,230.0,two-sided,3.02173075096313e-05,3.02173075096313e-05,fdr_bh,407.008,0.25307990546212067
1,loudness_sma3_percentile50.0,task,book,vac,True,True,-16.66802291286262,230.0,two-sided,1.9580332312567712e-41,2.937049846885157e-41,fdr_bh,1.178e+38,-1.432034487774296
2,loudness_sma3_percentile50.0,task,pic,vac,True,True,-18.17773441469438,230.0,two-sided,2.2530562179091885e-46,6.7591686537275654e-46,fdr_bh,9.145e+42,-1.5011452762067394
0,loudness_sma3_percentile80.0,task,book,pic,True,True,2.2274254755271934,230.0,two-sided,0.026887371765561205,0.026887371765561205,fdr_bh,0.832,0.11810844876514164
1,loudness_sma3_percentile80.0,task,book,vac,True,True,-18.987569688699732,230.0,two-sided,5.4029335683838804e-49,8.104400352575821e-49,fdr_bh,3.605e+45,-1.7328339563338064
2,loudness_sma3_percentile80.0,task,pic,vac,True,True,-19.895405815407056,230.0,two-sided,6.690225647749035e-52,2.0070676943247106e-51,fdr_bh,2.742e+48,-1.773759389848253
1,loudness_sma3_pctlrange0-2,task,book,vac,True,True,-19.5947114706519,230.0,two-sided,6.089800024148571e-51,9.134700036222857e-51,fdr_bh,3.071e+47,-1.8684945744238246
2,loudness_sma3_pctlrange0-2,task,pic,vac,True,True,-20.227398327009563,230.0,two-sided,5.9017752972650505e-53,1.7705325891795154e-52,fdr_bh,3.043e+49,-1.886530210069217
1,loudness_sma3_meanRisingSlope,task,book,vac,True,True,-21.47657470061664,230.0,two-sided,7.057850284946317e-57,1.0586775427419477e-56,fdr_bh,2.358e+53,-2.1085393554781584
2,loudness_sma3_meanRisingSlope,task,pic,vac,True,True,-22.281934921187915,230.0,two-sided,2.2912026422071294e-59,6.873607926621388e-59,fdr_bh,6.936e+55,-2.1426642396380737
0,loudness_sma3_stddevRisingSlope,task,book,pic,True,True,3.2304522102119315,230.0,two-sided,0.0014167113073863843,0.0014167113073863843,fdr_bh,11.391,0.20940354522693624
1,loudness_sma3_stddevRisingSlope,task,book,vac,True,True,-20.982895753033265,230.0,two-sided,2.4546151191349423e-55,3.6819226787024136e-55,fdr_bh,6.983e+51,-2.0392319921830127
2,loudness_sma3_stddevRisingSlope,task,pic,vac,True,True,-23.15062178567333,230.0,two-sided,5.163105955049421e-62,1.5489317865148263e-61,fdr_bh,2.934e+58,-2.2184933138452347
1,loudness_sma3_meanFallingSlope,task,book,vac,True,True,-20.47001057024535,230.0,two-sided,1.0081225070084472e-53,1.512183760512671e-53,fdr_bh,1.755e+50,-2.0567173192384605
2,loudness_sma3_meanFallingSlope,task,pic,vac,True,True,-21.173231633585196,230.0,two-sided,6.22793667702734e-56,1.868381003108202e-55,fdr_bh,2.721e+52,-2.0680691965242533
0,loudness_sma3_stddevFallingSlope,task,book,pic,True,True,2.168251221305797,230.0,two-sided,0.0311655465928792,0.0311655465928792,fdr_bh,0.733,0.12598462115714376
1,loudness_sma3_stddevFallingSlope,task,book,vac,True,True,-21.20458530714353,230.0,two-sided,4.970411909933821e-56,7.455617864900732e-56,fdr_bh,3.403e+52,-2.1822582492048364
2,loudness_sma3_stddevFallingSlope,task,pic,vac,True,True,-24.042777500455625,230.0,two-sided,1.0853857500944136e-64,3.256157250283241e-64,fdr_bh,1.332e+61,-2.3732223082783896
0,spectralFlux_sma3_amean,task,book,pic,True,True,3.7774614544675686,230.0,two-sided,0.0002018087703119817,0.0002018087703119817,fdr_bh,68.76,0.1920280026070649
1,spectralFlux_sma3_amean,task,book,vac,True,True,-16.85947031754681,230.0,two-sided,4.595161928649356e-42,6.892742892974034e-42,fdr_bh,4.946e+38,-1.4984251281521257
2,spectralFlux_sma3_amean,task,pic,vac,True,True,-17.33606235662575,230.0,two-sided,1.2554393535388037e-43,3.7663180606164116e-43,fdr_bh,1.746e+40,-1.5279605345599752
0,spectralFlux_sma3_stddevNorm,task,book,pic,True,True,2.283795639390277,230.0,two-sided,0.023296171782433185,0.023296171782433185,fdr_bh,0.94,0.13182837922253562
1,spectralFlux_sma3_stddevNorm,task,book,vac,True,True,-15.178635301959556,230.0,two-sided,1.615120799234437e-36,2.4226811988516555e-36,fdr_bh,1.616e+33,-1.1254620298637232
2,spectralFlux_sma3_stddevNorm,task,pic,vac,True,True,-21.363215686472515,230.0,two-sided,1.590542178333842e-56,4.771626535001526e-56,fdr_bh,1.053e+53,-1.5164591610048863
0,mfcc1_sma3_amean,task,book,pic,True,True,8.287014480099911,230.0,two-sided,9.65253985237596e-15,9.65253985237596e-15,fdr_bh,5.954e+11,0.19469882280173692
1,mfcc1_sma3_amean,task,book,vac,True,True,20.954461760700163,230.0,two-sided,3.013792988153429e-55,9.041378964460288e-55,fdr_bh,5.697e+51,0.8648709449020614
2,mfcc1_sma3_amean,task,pic,vac,True,True,15.677475906815289,230.0,two-sided,3.621987024326848e-38,5.432980536490273e-38,fdr_bh,6.904e+34,0.6501786331255421
0,mfcc1_sma3_stddevNorm,task,book,pic,True,True,-2.344878219958917,230.0,two-sided,0.019884767865454234,0.019884767865454234,fdr_bh,1.078,-0.075886259936758
1,mfcc1_sma3_stddevNorm,task,book,vac,True,True,-14.870724930220916,230.0,two-sided,1.6848805905751477e-35,5.054641771725444e-35,fdr_bh,1.591e+32,-0.5994757309682179
2,mfcc1_sma3_stddevNorm,task,pic,vac,True,True,-13.066925865903753,230.0,two-sided,1.486969998050321e-29,2.2304549970754816e-29,fdr_bh,2.14e+26,-0.5056793662101446
0,mfcc2_sma3_amean,task,book,pic,True,True,3.9132783928944486,230.0,two-sided,0.00011994972440893246,0.00011994972440893246,fdr_bh,111.685,0.17646585871365908
1,mfcc2_sma3_amean,task,book,vac,True,True,-17.88807904947224,230.0,two-sided,1.974156545940642e-45,2.961234818910963e-45,fdr_bh,1.066e+42,-1.014778258374482
2,mfcc2_sma3_amean,task,pic,vac,True,True,-19.819687679727522,230.0,two-sided,1.1657503699714895e-51,3.4972511099144687e-51,fdr_bh,1.581e+48,-1.1539353253896119
0,mfcc2_sma3_amean,task,book,pic,True,True,3.9132783928944486,230.0,two-sided,0.00011994972440893246,0.00011994972440893246,fdr_bh,111.685,0.17646585871365908
1,mfcc2_sma3_amean,task,book,vac,True,True,-17.88807904947224,230.0,two-sided,1.974156545940642e-45,2.961234818910963e-45,fdr_bh,1.066e+42,-1.014778258374482
2,mfcc2_sma3_amean,task,pic,vac,True,True,-19.819687679727522,230.0,two-sided,1.1657503699714895e-51,3.4972511099144687e-51,fdr_bh,1.581e+48,-1.1539353253896119
0,mfcc3_sma3_amean,task,book,pic,True,True,-7.516207354438396,230.0,two-sided,1.2484511030268962e-12,1.2484511030268962e-12,fdr_bh,5.193e+09,-0.3214262311540537
1,mfcc3_sma3_amean,task,book,vac,True,True,-16.850483575410795,230.0,two-sided,4.9185116710733824e-42,1.4755535013220148e-41,fdr_bh,4.624e+38,-0.9624888597420359
2,mfcc3_sma3_amean,task,pic,vac,True,True,-9.85730039029957,230.0,two-sided,2.4000024051467532e-19,3.60000360772013e-19,fdr_bh,1.92e+16,-0.5986766969874491
0,mfcc3_sma3_amean,task,book,pic,True,True,-7.516207354438396,230.0,two-sided,1.2484511030268962e-12,1.2484511030268962e-12,fdr_bh,5.193e+09,-0.3214262311540537
1,mfcc3_sma3_amean,task,book,vac,True,True,-16.850483575410795,230.0,two-sided,4.9185116710733824e-42,1.4755535013220148e-41,fdr_bh,4.624e+38,-0.9624888597420359
2,mfcc3_sma3_amean,task,pic,vac,True,True,-9.85730039029957,230.0,two-sided,2.4000024051467532e-19,3.60000360772013e-19,fdr_bh,1.92e+16,-0.5986766969874491
0,mfcc4_sma3_amean,task,book,pic,True,True,-9.289896267342039,230.0,two-sided,1.2154607389874989e-17,1.2154607389874989e-17,fdr_bh,4.092e+14,-0.29678623135230636
1,mfcc4_sma3_amean,task,book,vac,True,True,15.603191243964227,230.0,two-sided,6.37452892395469e-38,9.561793385932037e-38,fdr_bh,3.947e+34,0.978336953155537
2,mfcc4_sma3_amean,task,pic,vac,True,True,19.197687167434097,230.0,two-sided,1.1397165842363261e-49,3.4191497527089785e-49,fdr_bh,1.685e+46,1.236223027202574
0,mfcc4_sma3_amean,task,book,pic,True,True,-9.289896267342039,230.0,two-sided,1.2154607389874989e-17,1.2154607389874989e-17,fdr_bh,4.092e+14,-0.29678623135230636
1,mfcc4_sma3_amean,task,book,vac,True,True,15.603191243964227,230.0,two-sided,6.37452892395469e-38,9.561793385932037e-38,fdr_bh,3.947e+34,0.978336953155537
2,mfcc4_sma3_amean,task,pic,vac,True,True,19.197687167434097,230.0,two-sided,1.1397165842363261e-49,3.4191497527089785e-49,fdr_bh,1.685e+46,1.236223027202574
0,jitterLocal_sma3nz_amean,task,book,pic,True,True,-3.2892242548860633,230.0,two-sided,0.0011622729054606366,0.0011622729054606366,fdr_bh,13.65,-0.16123253942651386
1,jitterLocal_sma3nz_amean,task,book,vac,True,True,6.566462569829942,230.0,two-sided,3.390871127542996e-10,5.086306691314494e-10,fdr_bh,2.248e+07,0.4014863683362092
2,jitterLocal_sma3nz_amean,task,pic,vac,True,True,9.238622815177214,230.0,two-sided,1.724535347654119e-17,5.173606042962357e-17,fdr_bh,2.904e+14,0.5708990228346851
0,jitterLocal_sma3nz_stddevNorm,task,book,pic,True,True,2.91131875537326,230.0,two-sided,0.003952913036083136,0.003952913036083136,fdr_bh,4.493,0.18076256796471493
1,jitterLocal_sma3nz_stddevNorm,task,book,vac,True,True,-9.840042480917392,230.0,two-sided,2.7080219217383767e-19,4.062032882607565e-19,fdr_bh,1.706e+16,-0.6948196007116643
2,jitterLocal_sma3nz_stddevNorm,task,pic,vac,True,True,-12.683652413733313,230.0,two-sided,2.6612178978311676e-28,7.983653693493503e-28,fdr_bh,1.244e+25,-0.9094131844252015
0,jitterLocal_sma3nz_stddevNorm,task,book,pic,True,True,2.91131875537326,230.0,two-sided,0.003952913036083136,0.003952913036083136,fdr_bh,4.493,0.18076256796471493
1,jitterLocal_sma3nz_stddevNorm,task,book,vac,True,True,-9.840042480917392,230.0,two-sided,2.7080219217383767e-19,4.062032882607565e-19,fdr_bh,1.706e+16,-0.6948196007116643
2,jitterLocal_sma3nz_stddevNorm,task,pic,vac,True,True,-12.683652413733313,230.0,two-sided,2.6612178978311676e-28,7.983653693493503e-28,fdr_bh,1.244e+25,-0.9094131844252015
0,shimmerLocaldB_sma3nz_stddevNorm,task,book,pic,True,True,-9.328349029124052,230.0,two-sided,9.344604250491978e-18,9.344604250491978e-18,fdr_bh,5.294e+14,-0.362965063645656
1,shimmerLocaldB_sma3nz_stddevNorm,task,book,vac,True,True,-23.1021446861908,230.0,two-sided,7.237666223408753e-62,2.171299867022626e-61,fdr_bh,2.099e+58,-2.1839981281357193
2,shimmerLocaldB_sma3nz_stddevNorm,task,pic,vac,True,True,-20.5952655072568,230.0,two-sided,4.0582163037165946e-54,6.087324455574893e-54,fdr_bh,4.325e+50,-1.896270859728838
0,HNRdBACF_sma3nz_amean,task,book,pic,True,True,-3.3980571939990596,230.0,two-sided,0.0007996984398962721,0.0007996984398962721,fdr_bh,19.235,-0.11989843412998631
1,HNRdBACF_sma3nz_amean,task,book,vac,True,True,-12.171309653746496,230.0,two-sided,1.2296480231463874e-26,3.6889440694391625e-26,fdr_bh,2.843e+23,-0.5548016823648143
2,HNRdBACF_sma3nz_amean,task,pic,vac,True,True,-8.915497341036385,230.0,two-sided,1.5328177200001715e-16,2.2992265800002576e-16,fdr_bh,3.419e+13,-0.4190133138451045
0,HNRdBACF_sma3nz_amean,task,book,pic,True,True,-3.3980571939990596,230.0,two-sided,0.0007996984398962721,0.0007996984398962721,fdr_bh,19.235,-0.11989843412998631
1,HNRdBACF_sma3nz_amean,task,book,vac,True,True,-12.171309653746496,230.0,two-sided,1.2296480231463874e-26,3.6889440694391625e-26,fdr_bh,2.843e+23,-0.5548016823648143
2,HNRdBACF_sma3nz_amean,task,pic,vac,True,True,-8.915497341036385,230.0,two-sided,1.5328177200001715e-16,2.2992265800002576e-16,fdr_bh,3.419e+13,-0.4190133138451045
0,logRelF0-H1-H2_sma3nz_amean,task,book,pic,True,True,-2.2533320447205947,230.0,two-sided,0.025181157607771655,0.025181157607771655,fdr_bh,0.88,-0.11147489372691917
1,logRelF0-H1-H2_sma3nz_amean,task,book,vac,True,True,-6.188768444131602,230.0,two-sided,2.7534507075390842e-09,8.260352122617253e-09,fdr_bh,2.967e+06,-0.41290041654749043
2,logRelF0-H1-H2_sma3nz_amean,task,pic,vac,True,True,-3.440487939978048,230.0,two-sided,0.0006894531586348235,0.0010341797379522354,fdr_bh,22.047,-0.24495108965859455
0,logRelF0-H1-H2_sma3nz_amean,task,book,pic,True,True,-2.2533320447205947,230.0,two-sided,0.025181157607771655,0.025181157607771655,fdr_bh,0.88,-0.11147489372691917
1,logRelF0-H1-H2_sma3nz_amean,task,book,vac,True,True,-6.188768444131602,230.0,two-sided,2.7534507075390842e-09,8.260352122617253e-09,fdr_bh,2.967e+06,-0.41290041654749043
2,logRelF0-H1-H2_sma3nz_amean,task,pic,vac,True,True,-3.440487939978048,230.0,two-sided,0.0006894531586348235,0.0010341797379522354,fdr_bh,22.047,-0.24495108965859455
1,logRelF0-H1-A3_sma3nz_amean,task,book,vac,True,True,-11.56060358440138,230.0,two-sided,1.1355946121904349e-24,3.406783836571305e-24,fdr_bh,3.295e+21,-0.5551880930049166
2,logRelF0-H1-A3_sma3nz_amean,task,pic,vac,True,True,-10.249400728591663,230.0,two-sided,1.511875840401055e-20,2.2678137606015824e-20,fdr_bh,2.898e+17,-0.5973694321639451
1,logRelF0-H1-A3_sma3nz_amean,task,book,vac,True,True,-11.56060358440138,230.0,two-sided,1.1355946121904349e-24,3.406783836571305e-24,fdr_bh,3.295e+21,-0.5551880930049166
2,logRelF0-H1-A3_sma3nz_amean,task,pic,vac,True,True,-10.249400728591663,230.0,two-sided,1.511875840401055e-20,2.2678137606015824e-20,fdr_bh,2.898e+17,-0.5973694321639451
0,F1frequency_sma3nz_amean,task,book,pic,True,True,-8.805626581188783,230.0,two-sided,3.1957710553164007e-16,4.793656582974601e-16,fdr_bh,1.666e+13,-0.4610430790749139
2,F1frequency_sma3nz_amean,task,pic,vac,True,True,10.523553122138146,230.0,two-sided,2.1386316974060654e-21,6.415895092218196e-21,fdr_bh,1.979e+18,0.5893863172024331
0,F1frequency_sma3nz_stddevNorm,task,book,pic,True,True,-4.37404041564301,230.0,two-sided,1.849425845979981e-05,2.7741387689699714e-05,fdr_bh,646.561,-0.24387653408815343
2,F1frequency_sma3nz_stddevNorm,task,pic,vac,True,True,5.149508126524129,230.0,two-sided,5.606648022000282e-07,1.6819944066000847e-06,fdr_bh,1.792e+04,0.24443796230481749
1,F1bandwidth_sma3nz_amean,task,book,vac,True,True,7.973963819792801,230.0,two-sided,7.173454585263271e-14,1.0760181877894907e-13,fdr_bh,8.404e+10,0.45850315133885
2,F1bandwidth_sma3nz_amean,task,pic,vac,True,True,13.128783739614988,230.0,two-sided,9.324157307255035e-30,2.7972471921765107e-29,fdr_bh,3.392e+26,0.5732669994099283
0,F1bandwidth_sma3nz_stddevNorm,task,book,pic,True,True,-6.882809347673539,230.0,two-sided,5.521018337018215e-11,8.281527505527323e-11,fdr_bh,1.306e+08,-0.33084527886539855
1,F1bandwidth_sma3nz_stddevNorm,task,book,vac,True,True,-14.180032862541767,230.0,two-sided,3.2315050699627944e-33,9.694515209888383e-33,fdr_bh,8.836e+29,-0.6425940176652124
2,F1bandwidth_sma3nz_stddevNorm,task,pic,vac,True,True,-3.6029774126743552,230.0,two-sided,0.0003855338938700336,0.0003855338938700336,fdr_bh,37.705,-0.2032972487375737
0,F1amplitudeLogRelF0_sma3nz_amean,task,book,pic,True,True,10.916175951903197,230.0,two-sided,1.2617606067765883e-22,1.2617606067765883e-22,fdr_bh,3.198e+19,0.4461372402941539
1,F1amplitudeLogRelF0_sma3nz_amean,task,book,vac,True,True,21.423281079031597,230.0,two-sided,1.033928965608617e-56,3.101786896825851e-56,fdr_bh,1.615e+53,1.190767099534575
2,F1amplitudeLogRelF0_sma3nz_amean,task,pic,vac,True,True,12.18133775765721,230.0,two-sided,1.1410998041807034e-26,1.7116497062710552e-26,fdr_bh,3.06e+23,0.6554757889550324
0,F1amplitudeLogRelF0_sma3nz_stddevNorm,task,book,pic,True,True,-12.64440366310113,230.0,two-sided,3.5730495342951507e-28,5.359574301442726e-28,fdr_bh,9.303e+24,-0.5721814509473923
1,F1amplitudeLogRelF0_sma3nz_stddevNorm,task,book,vac,True,True,-19.46128953235991,230.0,two-sided,1.6270922437010725e-50,4.881276731103218e-50,fdr_bh,1.16e+47,-1.1888106032064576
2,F1amplitudeLogRelF0_sma3nz_stddevNorm,task,pic,vac,True,True,-11.024294844369942,230.0,two-sided,5.755305100182696e-23,5.755305100182696e-23,fdr_bh,6.921e+19,-0.6141600003114003
0,F2frequency_sma3nz_amean,task,book,pic,True,True,-4.992424005046462,230.0,two-sided,1.1778068090437493e-06,3.5334204271312478e-06,fdr_bh,8822.885,-0.34186827961714744
1,F2frequency_sma3nz_amean,task,book,vac,True,True,-2.673382815355355,230.0,two-sided,0.008047212435600762,0.008047212435600762,fdr_bh,2.381,-0.19056951278123527
2,F2frequency_sma3nz_amean,task,pic,vac,True,True,4.103868095226832,230.0,two-sided,5.643822441104488e-05,8.465733661656733e-05,fdr_bh,226.233,0.19969353536896922
0,F2frequency_sma3nz_stddevNorm,task,book,pic,True,True,-7.331755154767597,230.0,two-sided,3.841094904115262e-12,5.761642356172893e-12,fdr_bh,1.74e+09,-0.3643614635888626
1,F2frequency_sma3nz_stddevNorm,task,book,vac,True,True,-9.682691199884905,230.0,two-sided,8.111837268992004e-19,2.4335511806976013e-18,fdr_bh,5.813e+15,-0.505006749637622
2,F2frequency_sma3nz_stddevNorm,task,pic,vac,True,True,-3.2535754258011504,230.0,two-sided,0.0013109923607916559,0.0013109923607916559,fdr_bh,12.227,-0.1585847685152922
1,F2bandwidth_sma3nz_amean,task,book,vac,True,True,13.413051054977412,230.0,two-sided,1.0878999817240715e-30,1.6318499725861073e-30,fdr_bh,2.825e+27,0.8048956168063484
2,F2bandwidth_sma3nz_amean,task,pic,vac,True,True,19.399206949561002,230.0,two-sided,2.5719389822862614e-50,7.715816946858784e-50,fdr_bh,7.366e+46,0.9689012868458055
0,F2bandwidth_sma3nz_stddevNorm,task,book,pic,True,True,-3.221915516434342,230.0,two-sided,0.0014577014859383558,0.0014577014859383558,fdr_bh,11.098,-0.11510462384621822
1,F2bandwidth_sma3nz_stddevNorm,task,book,vac,True,True,-21.1319537564517,230.0,two-sided,8.382475429892986e-56,2.5147426289678957e-55,fdr_bh,2.027e+52,-1.4383380176537264
2,F2bandwidth_sma3nz_stddevNorm,task,pic,vac,True,True,-18.218898604346812,230.0,two-sided,1.6559027503297115e-46,2.4838541254945676e-46,fdr_bh,1.241e+43,-1.2797981244527967
0,F2amplitudeLogRelF0_sma3nz_amean,task,book,pic,True,True,9.675302645483606,230.0,two-sided,8.539198267832807e-19,8.539198267832807e-19,fdr_bh,5.528e+15,0.4212025849789462
1,F2amplitudeLogRelF0_sma3nz_amean,task,book,vac,True,True,21.52791819462876,230.0,two-sided,4.887126811610034e-57,1.4661380434830103e-56,fdr_bh,3.395e+53,1.269263074168849
2,F2amplitudeLogRelF0_sma3nz_amean,task,pic,vac,True,True,13.42076324547611,230.0,two-sided,1.0262266074508756e-30,1.5393399111763134e-30,fdr_bh,2.993e+27,0.7628984983964745
0,F2amplitudeLogRelF0_sma3nz_stddevNorm,task,book,pic,True,True,-11.753102318463666,230.0,two-sided,2.74295944679675e-25,2.74295944679675e-25,fdr_bh,1.335e+22,-0.5455208439715937
1,F2amplitudeLogRelF0_sma3nz_stddevNorm,task,book,vac,True,True,-21.472373233167062,230.0,two-sided,7.273440188734168e-57,2.1820320566202507e-56,fdr_bh,2.289e+53,-1.3099182085126222
2,F2amplitudeLogRelF0_sma3nz_stddevNorm,task,pic,vac,True,True,-12.445695800962428,230.0,two-sided,1.5842176630121905e-27,2.3763264945182857e-27,fdr_bh,2.143e+24,-0.7260410240027637
0,F3frequency_sma3nz_amean,task,book,pic,True,True,-4.5283708818292014,230.0,two-sided,9.54392686738287e-06,1.4315890301074304e-05,fdr_bh,1208.316,-0.34733247498202996
1,F3frequency_sma3nz_amean,task,book,vac,True,True,-5.220472739246863,230.0,two-sided,3.9873204421199554e-07,1.1961961326359867e-06,fdr_bh,2.482e+04,-0.4150531500592149
2,F3frequency_sma3nz_amean,task,pic,vac,True,True,-2.2093901740728605,230.0,two-sided,0.028133707796240352,0.028133707796240352,fdr_bh,0.8,-0.10660069925315244
0,F3frequency_sma3nz_stddevNorm,task,book,pic,True,True,-6.249429651710451,230.0,two-sided,1.9778331560654658e-09,5.933499468196397e-09,fdr_bh,4.084e+06,-0.4152621277587577
1,F3frequency_sma3nz_stddevNorm,task,book,vac,True,True,-2.2508985155108614,230.0,two-sided,0.025337314398269712,0.025337314398269712,fdr_bh,0.875,-0.13831787743380977
2,F3frequency_sma3nz_stddevNorm,task,pic,vac,True,True,3.697795259451986,230.0,two-sided,0.00027200574150029267,0.000408008612250439,fdr_bh,52.1,0.25144458681892384
0,F3bandwidth_sma3nz_amean,task,book,pic,True,True,-2.3935555169034592,230.0,two-sided,0.017488709604870912,0.017488709604870912,fdr_bh,1.205,-0.09235042099086617
1,F3bandwidth_sma3nz_amean,task,book,vac,True,True,14.498392870220195,230.0,two-sided,2.8684514370832474e-34,4.302677155624871e-34,fdr_bh,9.666e+30,0.8251377722370395
2,F3bandwidth_sma3nz_amean,task,pic,vac,True,True,18.90774616686723,230.0,two-sided,9.768447856804714e-49,2.9305343570414145e-48,fdr_bh,2.005e+45,1.0336596834932308
0,F3bandwidth_sma3nz_stddevNorm,task,book,pic,True,True,-2.095476709850661,230.0,two-sided,0.03722249199434902,0.03722249199434902,fdr_bh,0.631,-0.08390263075416948
1,F3bandwidth_sma3nz_stddevNorm,task,book,vac,True,True,-20.242800360019366,230.0,two-sided,5.274505597148421e-53,1.5823516791445265e-52,fdr_bh,3.401e+49,-1.2444910706033425
2,F3bandwidth_sma3nz_stddevNorm,task,pic,vac,True,True,-18.98931205081126,230.0,two-sided,5.333574382107385e-49,8.000361573161078e-49,fdr_bh,3.651e+45,-1.140609664350624
0,F3amplitudeLogRelF0_sma3nz_amean,task,book,pic,True,True,9.772628252632709,230.0,two-sided,4.336667141832755e-19,4.336667141832755e-19,fdr_bh,1.075e+16,0.4377231186476197
1,F3amplitudeLogRelF0_sma3nz_amean,task,book,vac,True,True,21.357190404656862,230.0,two-sided,1.660805291118992e-56,4.982415873356977e-56,fdr_bh,1.009e+53,1.283270326234051
2,F3amplitudeLogRelF0_sma3nz_amean,task,pic,vac,True,True,13.243184683499521,230.0,two-sided,3.930228497830814e-30,5.895342746746221e-30,fdr_bh,7.954e+26,0.7636171266937171
0,F3amplitudeLogRelF0_sma3nz_stddevNorm,task,book,pic,True,True,-11.323657752794313,230.0,two-sided,6.473540941078059e-24,9.710311411617088e-24,fdr_bh,5.94e+20,-0.5938589819155122
1,F3amplitudeLogRelF0_sma3nz_stddevNorm,task,book,vac,True,True,-20.099723864628576,230.0,two-sided,1.4994158715230324e-52,4.498247614569098e-52,fdr_bh,1.207e+49,-1.2654147161007063
2,F3amplitudeLogRelF0_sma3nz_stddevNorm,task,pic,vac,True,True,-11.131300493464034,230.0,two-sided,2.6406100393316433e-23,2.6406100393316433e-23,fdr_bh,1.489e+20,-0.6564557847934198
0,alphaRatioV_sma3nz_amean,task,book,pic,True,True,-2.2241019235778974,230.0,two-sided,0.027113374030020107,0.027113374030020107,fdr_bh,0.826,-0.05911582256653301
1,alphaRatioV_sma3nz_amean,task,book,vac,True,True,7.535779264248126,230.0,two-sided,1.1070615471381627e-12,1.660592320707244e-12,fdr_bh,5.838e+09,0.22675979545763617
2,alphaRatioV_sma3nz_amean,task,pic,vac,True,True,8.622250000838582,230.0,two-sided,1.0788009153863797e-15,3.236402746159139e-15,fdr_bh,5.068e+12,0.2852569602733905
0,alphaRatioV_sma3nz_stddevNorm,task,book,pic,True,True,2.324577683145341,230.0,two-sided,0.020966376425369738,0.03144956463805461,fdr_bh,1.03,0.11712087756701102
1,alphaRatioV_sma3nz_stddevNorm,task,book,vac,True,True,3.651637875717391,230.0,two-sided,0.00032262898553681924,0.0009678869566104578,fdr_bh,44.47,0.15661341865935738
0,hammarbergIndexV_sma3nz_amean,task,book,pic,True,True,-2.951262830493583,230.0,two-sided,0.0034922957610832002,0.010476887283249602,fdr_bh,5.023,-0.07418519011331655
1,hammarbergIndexV_sma3nz_amean,task,book,vac,True,True,-2.1805571850227694,230.0,two-sided,0.030230343998713414,0.04534551599807012,fdr_bh,0.753,-0.06235939402511278
0,hammarbergIndexV_sma3nz_stddevNorm,task,book,pic,True,True,-7.178385376791556,230.0,two-sided,9.657182337290833e-12,1.448577350593625e-11,fdr_bh,7.099e+08,-0.2490112996694071
1,hammarbergIndexV_sma3nz_stddevNorm,task,book,vac,True,True,-11.662868688920291,230.0,two-sided,5.342539486485177e-25,1.6027618459455532e-24,fdr_bh,6.923e+21,-0.4139109333312126
2,hammarbergIndexV_sma3nz_stddevNorm,task,pic,vac,True,True,-2.31303279446425,230.0,two-sided,0.021604226599119505,0.021604226599119505,fdr_bh,1.003,-0.09895098905906564
0,slopeV0-500_sma3nz_amean,task,book,pic,True,True,6.269240586615417,230.0,two-sided,1.7744423128791803e-09,5.323326938637541e-09,fdr_bh,4.535e+06,0.22912560107649135
2,slopeV0-500_sma3nz_amean,task,pic,vac,True,True,-5.399146410519128,230.0,two-sided,1.665414020640231e-07,2.498121030960347e-07,fdr_bh,5.726e+04,-0.22388288903264603
0,slopeV0-500_sma3nz_amean,task,book,pic,True,True,6.269240586615417,230.0,two-sided,1.7744423128791803e-09,5.323326938637541e-09,fdr_bh,4.535e+06,0.22912560107649135
2,slopeV0-500_sma3nz_amean,task,pic,vac,True,True,-5.399146410519128,230.0,two-sided,1.665414020640231e-07,2.498121030960347e-07,fdr_bh,5.726e+04,-0.22388288903264603
0,slopeV500-1500_sma3nz_amean,task,book,pic,True,True,-11.11691019114647,230.0,two-sided,2.932666692708275e-23,2.932666692708275e-23,fdr_bh,1.343e+20,-0.6594483958702027
1,slopeV500-1500_sma3nz_amean,task,book,vac,True,True,15.13989937892153,230.0,two-sided,2.1692812993725487e-36,3.2539219490588236e-36,fdr_bh,1.207e+33,1.175493392924657
2,slopeV500-1500_sma3nz_amean,task,pic,vac,True,True,20.702608482739745,230.0,two-sided,1.8631369479226453e-54,5.589410843767937e-54,fdr_bh,9.358e+50,1.7625600949444153
0,slopeV500-1500_sma3nz_stddevNorm,task,book,pic,True,True,2.2456729022454907,230.0,two-sided,0.025675488895897255,0.03851323334384588,fdr_bh,0.865,0.2023563597504544
2,slopeV500-1500_sma3nz_stddevNorm,task,pic,vac,True,True,-2.4089356153341765,230.0,two-sided,0.016786542741240126,0.03851323334384588,fdr_bh,1.248,-0.2235008281208101
1,spectralFluxV_sma3nz_amean,task,book,vac,True,True,-17.80716538998195,230.0,two-sided,3.623814431684198e-45,5.435721647526297e-45,fdr_bh,5.84e+41,-1.6175957869273845
2,spectralFluxV_sma3nz_amean,task,pic,vac,True,True,-18.122822169847563,230.0,two-sided,3.398303099459835e-46,1.0194909298379506e-45,fdr_bh,6.087e+42,-1.6323384623807393
0,spectralFluxV_sma3nz_stddevNorm,task,book,pic,True,True,4.390413025101748,230.0,two-sided,1.725505797311399e-05,1.725505797311399e-05,fdr_bh,690.307,0.2882923810136364
1,spectralFluxV_sma3nz_stddevNorm,task,book,vac,True,True,-13.961158424250286,230.0,two-sided,1.705058755492236e-32,2.557588133238354e-32,fdr_bh,1.71e+29,-1.0897178559856546
2,spectralFluxV_sma3nz_stddevNorm,task,pic,vac,True,True,-18.61503270716085,230.0,two-sided,8.610123749908097e-48,2.5830371249724295e-47,fdr_bh,2.32e+44,-1.5166773110304197
0,mfcc1V_sma3nz_amean,task,book,pic,True,True,4.1243114940981975,230.0,two-sided,5.196852733307492e-05,0.00015590558199922477,fdr_bh,244.45,0.13583670674142792
1,mfcc1V_sma3nz_amean,task,book,vac,True,True,3.138673857918439,230.0,two-sided,0.001919188689258874,0.002878783033888311,fdr_bh,8.638,0.13022478542534865
0,mfcc1V_sma3nz_stddevNorm,task,book,pic,True,True,-4.539045336799757,230.0,two-sided,9.111207398047544e-06,1.3666811097071317e-05,fdr_bh,1262.574,-0.2181942015432612
1,mfcc1V_sma3nz_stddevNorm,task,book,vac,True,True,-13.51218541155044,230.0,two-sided,5.136515547952588e-31,1.5409546643857763e-30,fdr_bh,5.926e+27,-0.48731055875169915
2,mfcc1V_sma3nz_stddevNorm,task,pic,vac,True,True,-2.7920048269723536,230.0,two-sided,0.005678806823810555,0.005678806823810555,fdr_bh,3.247,-0.16177578468743936
1,mfcc2V_sma3nz_amean,task,book,vac,True,True,-16.069678409590725,230.0,two-sided,1.8351880499425183e-39,5.5055641498275554e-39,fdr_bh,1.319e+36,-0.7106662649743483
2,mfcc2V_sma3nz_amean,task,pic,vac,True,True,-13.913853210275407,230.0,two-sided,2.4420543979347616e-32,3.6630815969021426e-32,fdr_bh,1.199e+29,-0.6958317737402762
1,mfcc2V_sma3nz_amean,task,book,vac,True,True,-16.069678409590725,230.0,two-sided,1.8351880499425183e-39,5.5055641498275554e-39,fdr_bh,1.319e+36,-0.7106662649743483
2,mfcc2V_sma3nz_amean,task,pic,vac,True,True,-13.913853210275407,230.0,two-sided,2.4420543979347616e-32,3.6630815969021426e-32,fdr_bh,1.199e+29,-0.6958317737402762
0,mfcc3V_sma3nz_amean,task,book,pic,True,True,-8.140005203251734,230.0,two-sided,2.488282388688672e-14,3.7324235830330086e-14,fdr_bh,2.362e+11,-0.3582387899774369
1,mfcc3V_sma3nz_amean,task,book,vac,True,True,-13.300937380032902,230.0,two-sided,2.5401333617839844e-30,7.620400085351954e-30,fdr_bh,1.224e+27,-0.7133700486505538
2,mfcc3V_sma3nz_amean,task,pic,vac,True,True,-6.786783279911179,230.0,two-sided,9.633195830907234e-11,9.633195830907234e-11,fdr_bh,7.611e+07,-0.37217225601861387
0,mfcc3V_sma3nz_amean,task,book,pic,True,True,-8.140005203251734,230.0,two-sided,2.488282388688672e-14,3.7324235830330086e-14,fdr_bh,2.362e+11,-0.3582387899774369
1,mfcc3V_sma3nz_amean,task,book,vac,True,True,-13.300937380032902,230.0,two-sided,2.5401333617839844e-30,7.620400085351954e-30,fdr_bh,1.224e+27,-0.7133700486505538
2,mfcc3V_sma3nz_amean,task,pic,vac,True,True,-6.786783279911179,230.0,two-sided,9.633195830907234e-11,9.633195830907234e-11,fdr_bh,7.611e+07,-0.37217225601861387
0,mfcc4V_sma3nz_amean,task,book,pic,True,True,-6.795955661088433,230.0,two-sided,9.13629500533366e-11,9.13629500533366e-11,fdr_bh,8.012e+07,-0.1859662967284561
1,mfcc4V_sma3nz_amean,task,book,vac,True,True,18.68036669910864,230.0,two-sided,5.293823482632109e-48,7.940735223948164e-48,fdr_bh,3.757e+44,1.056080276234265
2,mfcc4V_sma3nz_amean,task,pic,vac,True,True,19.68830883319092,230.0,two-sided,3.05937762236432e-51,9.178132867092959e-51,fdr_bh,6.076e+47,1.1624845983084187
0,mfcc4V_sma3nz_amean,task,book,pic,True,True,-6.795955661088433,230.0,two-sided,9.13629500533366e-11,9.13629500533366e-11,fdr_bh,8.012e+07,-0.1859662967284561
1,mfcc4V_sma3nz_amean,task,book,vac,True,True,18.68036669910864,230.0,two-sided,5.293823482632109e-48,7.940735223948164e-48,fdr_bh,3.757e+44,1.056080276234265
2,mfcc4V_sma3nz_amean,task,pic,vac,True,True,19.68830883319092,230.0,two-sided,3.05937762236432e-51,9.178132867092959e-51,fdr_bh,6.076e+47,1.1624845983084187
0,alphaRatioUV_sma3nz_amean,task,book,pic,True,True,-2.7040434186112527,230.0,two-sided,0.007362041809723754,0.007362041809723754,fdr_bh,2.577,-0.1237966975656405
1,alphaRatioUV_sma3nz_amean,task,book,vac,True,True,4.429503077532669,230.0,two-sided,1.4610214385415422e-05,2.1915321578123135e-05,fdr_bh,807.776,0.2711921167642377
2,alphaRatioUV_sma3nz_amean,task,pic,vac,True,True,6.120193712802102,230.0,two-sided,3.991897571578133e-09,1.1975692714734398e-08,fdr_bh,2.073e+06,0.3794969534462008
1,hammarbergIndexUV_sma3nz_amean,task,book,vac,True,True,-2.4515517559971274,230.0,two-sided,0.014969388559857745,0.02245408283978662,fdr_bh,1.379,-0.1497465490837496
2,hammarbergIndexUV_sma3nz_amean,task,pic,vac,True,True,-3.403818038354169,230.0,two-sided,0.0007838198843184337,0.0023514596529553016,fdr_bh,19.593,-0.20194934067608708
0,slopeUV0-500_sma3nz_amean,task,book,pic,True,True,5.8376760259589755,230.0,two-sided,1.7898100498856016e-08,1.7898100498856016e-08,fdr_bh,4.88e+05,0.27601948254977265
1,slopeUV0-500_sma3nz_amean,task,book,vac,True,True,13.959604139569148,230.0,two-sided,1.7253059174717698e-32,5.17591775241531e-32,fdr_bh,1.69e+29,0.9196292534252863
2,slopeUV0-500_sma3nz_amean,task,pic,vac,True,True,10.361992094898689,230.0,two-sided,6.786100077993824e-21,1.0179150116990736e-20,fdr_bh,6.365e+17,0.6839779950228045
0,slopeUV500-1500_sma3nz_amean,task,book,pic,True,True,-9.399134729112657,230.0,two-sided,5.752349705668536e-18,5.752349705668536e-18,fdr_bh,8.517e+14,-0.4625779582730227
1,slopeUV500-1500_sma3nz_amean,task,book,vac,True,True,14.399606624385783,230.0,two-sided,6.08299961623618e-34,9.12449942435427e-34,fdr_bh,4.599e+30,0.8502674353099978
2,slopeUV500-1500_sma3nz_amean,task,pic,vac,True,True,21.728420070325893,230.0,two-sided,1.1667309459661511e-57,3.5001928378984536e-57,fdr_bh,1.406e+54,1.273524120151211
0,spectralFluxUV_sma3nz_amean,task,book,pic,True,True,2.0711950602592326,230.0,two-sided,0.03945617854137238,0.03945617854137238,fdr_bh,0.601,0.11869556208616965
1,spectralFluxUV_sma3nz_amean,task,book,vac,True,True,-16.76392924616445,230.0,two-sided,9.470304763114927e-42,1.4205457144672392e-41,fdr_bh,2.418e+38,-1.5172808882929751
2,spectralFluxUV_sma3nz_amean,task,pic,vac,True,True,-17.149933522524886,230.0,two-sided,5.113888227386652e-43,1.5341664682159958e-42,fdr_bh,4.346e+39,-1.5326017792317623
0,loudnessPeaksPerSec,task,book,pic,True,True,-8.644282638272681,230.0,two-sided,9.326987033630067e-16,2.7980961100890203e-15,fdr_bh,5.843e+12,-0.6474320575208411
1,loudnessPeaksPerSec,task,book,vac,True,True,-4.087161610131217,230.0,two-sided,6.036071228328461e-05,6.036071228328461e-05,fdr_bh,212.411,-0.3251116020948497
2,loudnessPeaksPerSec,task,pic,vac,True,True,4.905098564622331,230.0,two-sided,1.7664304159255307e-06,2.649645623888296e-06,fdr_bh,5996.136,0.3572079543453755
0,VoicedSegmentsPerSec,task,book,pic,True,True,-3.968910784525828,230.0,two-sided,9.653158457389171e-05,0.00028959475372167514,fdr_bh,136.824,-0.24145637225041036
2,VoicedSegmentsPerSec,task,pic,vac,True,True,2.4265971900827847,230.0,two-sided,0.01601104295297072,0.02401656442945608,fdr_bh,1.301,0.19607758225366537
0,MeanVoicedSegmentLengthSec,task,book,pic,True,True,4.171862665283512,230.0,two-sided,4.284141408684528e-05,4.284141408684528e-05,fdr_bh,293.076,0.27540485836170653
1,MeanVoicedSegmentLengthSec,task,book,vac,True,True,12.328538631623063,230.0,two-sided,3.8043375088820514e-27,1.1413012526646154e-26,fdr_bh,9.035e+23,0.932897333412765
2,MeanVoicedSegmentLengthSec,task,pic,vac,True,True,5.614512774182367,230.0,two-sided,5.654942783118682e-08,8.482414174678023e-08,fdr_bh,1.614e+05,0.4658319364640404
0,StddevVoicedSegmentLengthSec,task,book,pic,True,True,3.9710033469973585,230.0,two-sided,9.574171568421701e-05,9.574171568421701e-05,fdr_bh,137.88,0.25930810774756224
1,StddevVoicedSegmentLengthSec,task,book,vac,True,True,14.914100166627597,230.0,two-sided,1.2109230253635625e-35,3.632769076090688e-35,fdr_bh,2.206e+32,1.1869862000875366
2,StddevVoicedSegmentLengthSec,task,pic,vac,True,True,7.87421766602247,230.0,two-sided,1.3474424722422824e-13,2.0211637083634237e-13,fdr_bh,4.544e+10,0.6783384690775841
0,StddevVoicedSegmentLengthSec,task,book,pic,True,True,3.9710033469973585,230.0,two-sided,9.574171568421701e-05,9.574171568421701e-05,fdr_bh,137.88,0.25930810774756224
1,StddevVoicedSegmentLengthSec,task,book,vac,True,True,14.914100166627597,230.0,two-sided,1.2109230253635625e-35,3.632769076090688e-35,fdr_bh,2.206e+32,1.1869862000875366
2,StddevVoicedSegmentLengthSec,task,pic,vac,True,True,7.87421766602247,230.0,two-sided,1.3474424722422824e-13,2.0211637083634237e-13,fdr_bh,4.544e+10,0.6783384690775841
0,StddevUnvoicedSegmentLength,task,book,pic,True,True,-4.291230075154157,230.0,two-sided,2.6185702548460018e-05,2.6185702548460018e-05,fdr_bh,465.782,-0.2795896155530502
1,StddevUnvoicedSegmentLength,task,book,vac,True,True,-5.81738167317642,230.0,two-sided,1.989762552361644e-08,5.969287657084932e-08,fdr_bh,4.407e+05,-0.4853356212786433
2,StddevUnvoicedSegmentLength,task,pic,vac,True,True,-4.405100538793636,230.0,two-sided,1.6211494144619884e-05,2.4317241216929827e-05,fdr_bh,732.193,-0.3059359109628985
1,equivalentSoundLevel_dBp,task,book,vac,True,True,-23.844683045315307,230.0,two-sided,4.230484410765573e-64,6.34572661614836e-64,fdr_bh,3.452e+60,-1.9311992696060487
2,equivalentSoundLevel_dBp,task,pic,vac,True,True,-27.352115154763254,230.0,two-sided,3.026323263780825e-74,9.078969791342477e-74,fdr_bh,4.083e+70,-2.0618495075339225
